id,focus,signal,slack,drag,confidence,score,lane,kind,invariant
g001,index fit,115,44,23,72,369,ship,baseline,monotonic-signal
g002,join width,79,31,37,55,175,watch,edge,drag-penalty
g003,constraint risk,109,62,4,57,430,ship,recovery,confidence-floor
g004,plan drift,83,10,10,99,318,ship,negative,lane-boundary
g005,index fit,74,21,35,39,142,watch,baseline,monotonic-signal
g006,join width,73,29,28,99,235,ship,edge,drag-penalty
g007,constraint risk,76,71,26,48,243,ship,recovery,confidence-floor
g008,plan drift,37,59,27,27,89,hold,negative,lane-boundary
g009,index fit,65,56,29,64,199,ship,baseline,monotonic-signal
g010,join width,82,22,10,87,315,ship,edge,drag-penalty
g011,constraint risk,94,77,23,103,370,ship,recovery,confidence-floor
g012,plan drift,60,72,10,72,284,ship,negative,lane-boundary
g013,index fit,46,72,35,104,174,watch,baseline,monotonic-signal
g014,join width,87,75,19,82,342,ship,edge,drag-penalty
g015,constraint risk,111,9,13,32,322,ship,recovery,confidence-floor
g016,plan drift,82,48,11,55,305,ship,negative,lane-boundary
g017,index fit,71,35,12,71,271,ship,baseline,monotonic-signal
g018,join width,113,66,35,40,305,ship,edge,drag-penalty
g019,constraint risk,50,14,6,29,169,watch,recovery,confidence-floor
g020,plan drift,66,26,35,71,155,watch,negative,lane-boundary
g021,index fit,33,34,9,54,151,watch,baseline,monotonic-signal
g022,join width,108,76,18,56,384,ship,edge,drag-penalty
g023,constraint risk,61,64,24,98,249,ship,recovery,confidence-floor
g024,plan drift,41,26,8,38,155,watch,negative,lane-boundary
g025,index fit,35,25,22,98,140,watch,baseline,monotonic-signal
g026,join width,79,11,31,47,171,watch,edge,drag-penalty
g027,constraint risk,105,77,37,26,270,ship,recovery,confidence-floor
g028,plan drift,33,77,20,63,159,watch,negative,lane-boundary
g029,index fit,45,10,13,86,179,watch,baseline,monotonic-signal
g030,join width,98,49,11,102,401,ship,edge,drag-penalty
g031,constraint risk,84,36,12,71,311,ship,recovery,confidence-floor
g032,plan drift,68,67,14,103,318,ship,negative,lane-boundary
g033,index fit,32,15,37,81,44,hold,baseline,monotonic-signal
g034,join width,62,26,8,31,211,ship,edge,drag-penalty
g035,constraint risk,36,34,37,54,48,hold,recovery,confidence-floor
g036,plan drift,115,76,20,70,411,ship,negative,lane-boundary
g037,index fit,114,64,4,39,429,ship,baseline,monotonic-signal
g038,join width,117,61,40,28,280,ship,edge,drag-penalty
g039,constraint risk,78,27,38,70,179,watch,recovery,confidence-floor
g040,plan drift,106,12,39,53,227,ship,negative,lane-boundary
g041,index fit,35,77,20,55,157,watch,baseline,monotonic-signal
g042,join width,47,77,33,97,183,ship,edge,drag-penalty
g043,constraint risk,101,10,20,37,270,ship,recovery,confidence-floor
g044,plan drift,87,14,36,97,228,ship,negative,lane-boundary
g045,index fit,40,53,45,46,39,hold,baseline,monotonic-signal
g046,join width,64,40,9,25,221,ship,edge,drag-penalty
g047,constraint risk,35,71,35,62,98,watch,recovery,confidence-floor
g048,plan drift,112,19,7,85,412,ship,negative,lane-boundary
g049,index fit,66,31,16,101,266,ship,baseline,monotonic-signal
g050,join width,91,39,22,70,294,ship,edge,drag-penalty
g051,constraint risk,107,11,5,102,414,ship,recovery,confidence-floor
g052,plan drift,74,69,40,80,211,ship,negative,lane-boundary
g053,index fit,61,31,38,30,92,hold,baseline,monotonic-signal
g054,join width,102,30,39,53,233,ship,edge,drag-penalty
g055,constraint risk,82,16,41,69,167,watch,recovery,confidence-floor
g056,plan drift,76,12,22,38,190,ship,negative,lane-boundary
g057,index fit,32,12,35,27,-5,hold,baseline,monotonic-signal
g058,join width,58,15,22,69,170,watch,edge,drag-penalty
g059,constraint risk,74,54,5,52,308,ship,recovery,confidence-floor
g060,plan drift,86,41,31,54,229,ship,negative,lane-boundary
g061,index fit,51,72,25,96,221,ship,baseline,monotonic-signal
g062,join width,37,20,23,36,75,hold,edge,drag-penalty
g063,constraint risk,109,31,24,96,358,ship,recovery,confidence-floor
g064,plan drift,73,39,5,45,283,ship,negative,lane-boundary
g065,index fit,103,11,18,24,272,ship,baseline,monotonic-signal
g066,join width,77,69,5,61,341,ship,edge,drag-penalty
g067,constraint risk,68,66,21,84,270,ship,recovery,confidence-floor
g068,plan drift,67,32,30,100,213,ship,negative,lane-boundary
g069,index fit,70,17,36,69,152,watch,baseline,monotonic-signal
g070,join width,31,12,20,101,126,watch,edge,drag-penalty
g071,constraint risk,59,12,34,79,132,watch,recovery,confidence-floor
g072,plan drift,76,15,43,29,100,watch,negative,lane-boundary
g073,index fit,88,19,7,52,307,ship,baseline,monotonic-signal
g074,join width,54,58,32,68,160,watch,edge,drag-penalty
g075,constraint risk,40,45,25,37,102,watch,recovery,confidence-floor
g076,plan drift,81,76,23,26,253,ship,negative,lane-boundary
g077,index fit,105,24,24,68,311,ship,baseline,monotonic-signal
g078,join width,76,36,26,51,211,ship,edge,drag-penalty
g079,constraint risk,65,44,7,53,264,ship,recovery,confidence-floor
g080,plan drift,107,16,20,95,352,ship,negative,lane-boundary
g081,index fit,44,74,7,35,213,ship,baseline,monotonic-signal
g082,join width,60,36,32,95,183,ship,edge,drag-penalty
g083,constraint risk,115,35,16,44,360,ship,recovery,confidence-floor
g084,plan drift,102,21,10,23,310,ship,negative,lane-boundary
g085,index fit,55,17,8,60,210,ship,baseline,monotonic-signal
g086,join width,35,17,9,83,169,watch,edge,drag-penalty
g087,constraint risk,117,20,32,99,342,ship,recovery,confidence-floor
g088,plan drift,73,59,45,68,166,watch,negative,lane-boundary
g089,index fit,99,46,32,100,315,ship,baseline,monotonic-signal
g090,join width,115,77,6,78,476,ship,edge,drag-penalty
g091,constraint risk,39,25,15,28,110,watch,recovery,confidence-floor
g092,plan drift,92,36,21,51,279,ship,negative,lane-boundary
g093,index fit,78,44,5,67,325,ship,baseline,monotonic-signal
g094,join width,62,16,19,36,162,watch,edge,drag-penalty
g095,constraint risk,114,74,28,25,329,ship,recovery,confidence-floor
g096,plan drift,56,71,34,67,170,watch,negative,lane-boundary
